{
  "public": -0.023716888923611113,
  "class": -0.022973438138020826,
  "HelloWorld": -0.01796389799479167,
  "{": -0.019102343717447914,
  "static": -0.024198040351562505,
  "void": -0.025252152890625004,
  "main": -0.016220889986979167,
  "(": -0.0159992348046875,
  "String": -0.018104243776041667,
  "[": -0.014391656940104164,
  "]": -0.012353842291666669,
  "args": -0.010140469270833332,
  ")": -0.015882664054687506,
  "System": -0.021735229622395835,
  ".": -0.01686997230794271,
  "out": -0.01654858500651042,
  "println": -0.017945664296874993,
  "\"": -0.013759086731770835,
  "Hello, World!": -0.015234614791666662,
  ";": -0.01599950689322917,
  "}": -0.02134964161132812,
  "for": -0.024917805312500003,
  "int": -0.020934309928385422,
  "i": -0.019539997581380208,
  "=": -0.01368600966145834,
  "0": -0.021646257291666665,
  "<": -0.014393433763020836,
  "10": -0.019898037070312503,
  "++": -0.015994546679687503,
  "addNumbers": -0.025684382408854168,
  "a": -0.016388406738281253,
  ",": -0.012678007838541665,
  "b": -0.014741762649739582,
  "return": -0.025096154986979164,
  "+": -0.012934452239583333
}