{
  "public": -0.0221795303515625,
  "class": -0.022543056835937502,
  "HelloWorld": -0.01702403524739583,
  "{": -0.023924819388020838,
  "static": -0.023687331106770834,
  "void": -0.025084740247395838,
  "main": -0.0162088892578125,
  "(": -0.012115778945312496,
  "String": -0.018035721575520833,
  "[": -0.014394377252604165,
  "]": -0.012139188867187498,
  "args": -0.009987283841145835,
  ")": -0.014208690904947916,
  "System": -0.013794878177083336,
  ".": -0.0151569673046875,
  "out": -0.012932374752604168,
  "println": -0.01759416028645833,
  "\"": -0.013444824420572923,
  "Hello, World!": -0.014363534817708334,
  ";": -0.016143749049479166,
  "}": -0.022215126881510422
}